{"cameraMode":{"drawMode":0,"name":"Shaded","section":"Shading Mode"},"sceneLighting":true,"audioPlay":false,"sceneViewState":{"m_AlwaysRefresh":false,"showFog":true,"showSkybox":true,"showFlares":true,"showImageEffects":true,"showParticleSystems":true,"showVisualEffectGraphs":true,"m_FxEnabled":true},"in2DMode":false,"pivot":{"x":2.2604098320007326,"y":9.155364990234375,"z":-21.26651954650879},"rotation":{"x":0.1419053077697754,"y":0.07564099133014679,"z":-0.010882139205932618,"w":0.9869062900543213},"size":0.09538064152002335,"orthographic":false}